{
    "cities": [
        {
            "index": 0,
            "cordX": 46.0506783,
            "cordY": 14.514648
        },
        {
            "index": 1,
            "cordX": 46.0569636,
            "cordY": 14.5066563
        },
        {
            "index": 2,
            "cordX": 46.0562923,
            "cordY": 14.5347293
        },
        {
            "index": 3,
            "cordX": 46.0801744,
            "cordY": 14.5123278
        },
        {
            "index": 4,
            "cordX": 46.0390497,
            "cordY": 14.4993901
        },
        {
            "index": 5,
            "cordX": 46.0786296,
            "cordY": 14.4724501
        },
        {
            "index": 6,
            "cordX": 46.0543498,
            "cordY": 14.5110575
        },
        {
            "index": 7,
            "cordX": 46.09041269999999,
            "cordY": 14.4725882
        },
        {
            "index": 8,
            "cordX": 46.2027052,
            "cordY": 14.5415397
        },
        {
            "index": 9,
            "cordX": 46.1024419,
            "cordY": 14.5296199
        },
        {
            "index": 10,
            "cordX": 46.1629406,
            "cordY": 14.5686204
        },
        {
            "index": 11,
            "cordX": 46.2071323,
            "cordY": 14.5972918
        },
        {
            "index": 12,
            "cordX": 46.1354712,
            "cordY": 14.7446678
        },
        {
            "index": 13,
            "cordX": 46.0560724,
            "cordY": 14.5843876
        },
        {
            "index": 14,
            "cordX": 45.9560878,
            "cordY": 14.6576872
        },
        {
            "index": 15,
            "cordX": 45.93833859999999,
            "cordY": 14.8058986
        },
        {
            "index": 16,
            "cordX": 45.7404003,
            "cordY": 14.727302
        },
        {
            "index": 17,
            "cordX": 45.6418719,
            "cordY": 14.8562269
        },
        {
            "index": 18,
            "cordX": 46.0204546,
            "cordY": 14.4156787
        },
        {
            "index": 19,
            "cordX": 45.919439,
            "cordY": 14.3657063
        },
        {
            "index": 20,
            "cordX": 45.96343359999999,
            "cordY": 14.2954955
        },
        {
            "index": 21,
            "cordX": 46.1306621,
            "cordY": 14.9963062
        },
        {
            "index": 22,
            "cordX": 46.1482095,
            "cordY": 15.0416941
        },
        {
            "index": 23,
            "cordX": 46.1604049,
            "cordY": 15.0536808
        },
        {
            "index": 24,
            "cordX": 46.5484661,
            "cordY": 15.6744646
        },
        {
            "index": 25,
            "cordX": 46.5514119,
            "cordY": 15.621176
        },
        {
            "index": 26,
            "cordX": 46.6968501,
            "cordY": 15.7354444
        },
        {
            "index": 27,
            "cordX": 46.55560939999999,
            "cordY": 15.6934869
        },
        {
            "index": 28,
            "cordX": 46.5772865,
            "cordY": 15.8305269
        },
        {
            "index": 29,
            "cordX": 46.60704080000001,
            "cordY": 15.8914427
        },
        {
            "index": 30,
            "cordX": 46.50055039999999,
            "cordY": 15.7495304
        },
        {
            "index": 31,
            "cordX": 46.4165813,
            "cordY": 15.8598698
        },
        {
            "index": 32,
            "cordX": 46.4623571,
            "cordY": 16.157248
        },
        {
            "index": 33,
            "cordX": 46.4080192,
            "cordY": 16.1487605
        },
        {
            "index": 34,
            "cordX": 46.4120271,
            "cordY": 16.0133089
        },
        {
            "index": 35,
            "cordX": 46.3691795,
            "cordY": 15.9023436
        },
        {
            "index": 36,
            "cordX": 46.4263267,
            "cordY": 15.611214
        },
        {
            "index": 37,
            "cordX": 46.3173644,
            "cordY": 15.6670441
        },
        {
            "index": 38,
            "cordX": 46.4034454,
            "cordY": 15.7970282
        },
        {
            "index": 39,
            "cordX": 46.4536713,
            "cordY": 15.6745675
        },
        {
            "index": 40,
            "cordX": 46.5725265,
            "cordY": 15.6119647
        },
        {
            "index": 41,
            "cordX": 46.55150080000001,
            "cordY": 15.4928736
        },
        {
            "index": 42,
            "cordX": 46.5671284,
            "cordY": 15.5783612
        },
        {
            "index": 43,
            "cordX": 46.61003729999999,
            "cordY": 15.1633923
        },
        {
            "index": 44,
            "cordX": 46.58922159999999,
            "cordY": 15.0246608
        },
        {
            "index": 45,
            "cordX": 46.5446849,
            "cordY": 14.9662266
        },
        {
            "index": 46,
            "cordX": 46.5451337,
            "cordY": 14.9144717
        },
        {
            "index": 47,
            "cordX": 46.4703983,
            "cordY": 14.8498787
        },
        {
            "index": 48,
            "cordX": 46.22938380000001,
            "cordY": 15.2673827
        },
        {
            "index": 49,
            "cordX": 46.2286544,
            "cordY": 15.5184635
        },
        {
            "index": 50,
            "cordX": 46.2526713,
            "cordY": 15.1599198
        },
        {
            "index": 51,
            "cordX": 46.2807697,
            "cordY": 15.0760069
        },
        {
            "index": 52,
            "cordX": 46.3388265,
            "cordY": 14.960194
        },
        {
            "index": 53,
            "cordX": 46.2485046,
            "cordY": 14.3567391
        },
        {
            "index": 54,
            "cordX": 46.23103080000001,
            "cordY": 14.3462993
        },
        {
            "index": 55,
            "cordX": 46.2472905,
            "cordY": 14.3689151
        },
        {
            "index": 56,
            "cordX": 46.2377962,
            "cordY": 14.3655885
        },
        {
            "index": 57,
            "cordX": 46.27294450000001,
            "cordY": 14.3157321
        },
        {
            "index": 58,
            "cordX": 46.2423616,
            "cordY": 14.4191188
        },
        {
            "index": 59,
            "cordX": 46.166843,
            "cordY": 14.3058782
        },
        {
            "index": 60,
            "cordX": 46.0477691,
            "cordY": 14.1099613
        },
        {
            "index": 61,
            "cordX": 46.225745,
            "cordY": 14.1688037
        },
        {
            "index": 62,
            "cordX": 46.361284,
            "cordY": 14.158083
        },
        {
            "index": 63,
            "cordX": 46.2723358,
            "cordY": 13.9528349
        },
        {
            "index": 64,
            "cordX": 46.4395815,
            "cordY": 14.0431735
        },
        {
            "index": 65,
            "cordX": 46.4044239,
            "cordY": 14.1375549
        },
        {
            "index": 66,
            "cordX": 46.4849723,
            "cordY": 13.7820449
        },
        {
            "index": 67,
            "cordX": 46.3616251,
            "cordY": 14.3071259
        },
        {
            "index": 68,
            "cordX": 45.9555113,
            "cordY": 13.6481122
        },
        {
            "index": 69,
            "cordX": 45.9540361,
            "cordY": 13.6734952
        },
        {
            "index": 70,
            "cordX": 46.1830168,
            "cordY": 13.7335635
        },
        {
            "index": 71,
            "cordX": 45.88731749999999,
            "cordY": 13.9031099
        },
        {
            "index": 72,
            "cordX": 46.0013411,
            "cordY": 14.0261225
        },
        {
            "index": 73,
            "cordX": 45.9283559,
            "cordY": 13.6405447
        },
        {
            "index": 74,
            "cordX": 45.5402396,
            "cordY": 13.7390539
        },
        {
            "index": 75,
            "cordX": 45.7075184,
            "cordY": 13.868562
        },
        {
            "index": 76,
            "cordX": 45.7742705,
            "cordY": 14.2138533
        },
        {
            "index": 77,
            "cordX": 45.5368801,
            "cordY": 13.6605407
        },
        {
            "index": 78,
            "cordX": 45.7986362,
            "cordY": 15.1552946
        },
        {
            "index": 79,
            "cordX": 45.8048435,
            "cordY": 15.1643364
        },
        {
            "index": 80,
            "cordX": 45.90752029999999,
            "cordY": 15.0072844
        },
        {
            "index": 81,
            "cordX": 45.9525271,
            "cordY": 15.0599681
        },
        {
            "index": 82,
            "cordX": 45.9048981,
            "cordY": 15.5935286
        },
        {
            "index": 83,
            "cordX": 45.8950489,
            "cordY": 15.6600698
        },
        {
            "index": 84,
            "cordX": 45.8599617,
            "cordY": 15.6879755
        },
        {
            "index": 85,
            "cordX": 45.9579966,
            "cordY": 15.4944917
        },
        {
            "index": 86,
            "cordX": 46.0097701,
            "cordY": 15.3029322
        },
        {
            "index": 87,
            "cordX": 45.8439372,
            "cordY": 15.3388595
        },
        {
            "index": 88,
            "cordX": 45.644935,
            "cordY": 15.3167912
        },
        {
            "index": 89,
            "cordX": 45.5747784,
            "cordY": 15.1905069
        },
        {
            "index": 90,
            "cordX": 46.66082610000001,
            "cordY": 16.1637829
        },
        {
            "index": 91,
            "cordX": 46.8030552,
            "cordY": 16.2177301
        },
        {
            "index": 92,
            "cordX": 46.5618657,
            "cordY": 16.4549268
        },
        {
            "index": 93,
            "cordX": 46.5690299,
            "cordY": 16.2938688
        },
        {
            "index": 94,
            "cordX": 46.675168,
            "cordY": 15.9941974
        },
        {
            "index": 95,
            "cordX": 46.642603,
            "cordY": 16.0392936
        }
    ],
    "distanceMatrix": [
        [
            0,
            1214,
            2182,
            4121,
            2660,
            5367,
            669,
            6053,
            22938,
            7466
        ],
        [
            1206,
            0,
            3076,
            2712,
            2903,
            4427,
            537,
            5113,
            21998,
            6058
        ],
        [
            1925,
            3094,
            0,
            4311,
            4524,
            9907,
            2252,
            10560,
            29803,
            9256
        ],
        [
            4082,
            2718,
            6586,
            0,
            5264,
            4003,
            3413,
            4655,
            23898,
            3346
        ],
        [
            2683,
            3059,
            4522,
            14146,
            0,
            10874,
            2630,
            12861,
            28327,
            16822
        ],
        [
            5296,
            4437,
            9887,
            3955,
            11437,
            0,
            5133,
            1826,
            20417,
            6632
        ],
        [
            669,
            738,
            2189,
            3377,
            2606,
            4890,
            0,
            5576,
            22462,
            6722
        ],
        [
            6030,
            5171,
            10591,
            4659,
            6915,
            2012,
            5867,
            0,
            17182,
            6139
        ],
        [
            19757,
            26169,
            23734,
            25678,
            29621,
            22407,
            19564,
            17916,
            0,
            13855
        ],
        [
            8367,
            6064,
            8468,
            3346,
            8610,
            6474,
            8174,
            7126,
            19979,
            0
        ],
        [
            0,
            5858,
            16754,
            16670,
            32256,
            44492,
            61489,
            78006,
            23836,
            43527
        ],
        [
            5773,
            0,
            18371,
            20203,
            35789,
            48025,
            65021,
            81539,
            32008,
            51700
        ],
        [
            18084,
            18840,
            0,
            22899,
            38485,
            50721,
            67717,
            84235,
            37881,
            57573
        ],
        [
            13703,
            17640,
            22752,
            0,
            17870,
            30107,
            47103,
            63621,
            18669,
            38360
        ],
        [
            31479,
            35416,
            37213,
            16519,
            0,
            15973,
            32778,
            44855,
            23351,
            43042
        ],
        [
            44694,
            48631,
            50428,
            29734,
            16287,
            0,
            53983,
            42242,
            36565,
            56257
        ],
        [
            62213,
            66150,
            67947,
            47253,
            32762,
            54030,
            0,
            16679,
            49631,
            55019
        ],
        [
            78775,
            82711,
            84508,
            63814,
            45447,
            42249,
            16748,
            0,
            66193,
            71581
        ],
        [
            24859,
            32005,
            38538,
            19177,
            24843,
            37080,
            54076,
            70593,
            0,
            15409
        ],
        [
            44495,
            51641,
            47689,
            26995,
            32661,
            44898,
            56329,
            72847,
            15222,
            0
        ],
        [
            0,
            75877,
            83495,
            84485,
            150563,
            151496,
            173277,
            152537,
            165499,
            171949
        ],
        [
            75740,
            0,
            9689,
            10680,
            101265,
            102198,
            123979,
            103239,
            116201,
            122651
        ],
        [
            82387,
            9072,
            0,
            2150,
            89772,
            90705,
            112486,
            91746,
            104708,
            111158
        ],
        [
            84076,
            10761,
            1755,
            0,
            87617,
            88550,
            110331,
            89592,
            102553,
            109004
        ],
        [
            149558,
            101055,
            89533,
            87773,
            0,
            5948,
            26154,
            2679,
            20884,
            27335
        ],
        [
            150110,
            101607,
            90085,
            88325,
            6518,
            0,
            29981,
            6847,
            25432,
            31883
        ],
        [
            172461,
            123958,
            112436,
            110676,
            27486,
            29836,
            0,
            26300,
            20335,
            25243
        ],
        [
            151155,
            102652,
            91129,
            89370,
            2696,
            6790,
            26214,
            0,
            13311,
            19762
        ],
        [
            164421,
            115918,
            104395,
            102636,
            19446,
            25142,
            20365,
            21420,
            0,
            6850
        ],
        [
            170918,
            122415,
            110893,
            109133,
            25943,
            31639,
            25238,
            27917,
            6850,
            0
        ],
        [
            0,
            17014,
            46483,
            38516,
            27364,
            23244,
            22739,
            39557,
            30113,
            19100
        ],
        [
            16985,
            0,
            31751,
            23784,
            12632,
            7102,
            22045,
            24181,
            5812,
            18113
        ],
        [
            46492,
            31704,
            0,
            8317,
            19091,
            32201,
            62966,
            58253,
            39884,
            51912
        ],
        [
            38668,
            23880,
            8251,
            0,
            11267,
            24377,
            55142,
            50429,
            32060,
            44088
        ],
        [
            27401,
            12613,
            19119,
            11151,
            0,
            13110,
            43875,
            39161,
            20793,
            32821
        ],
        [
            23143,
            7079,
            32161,
            24194,
            13042,
            0,
            35274,
            24948,
            12191,
            24220
        ],
        [
            21750,
            27750,
            61403,
            53435,
            42284,
            33544,
            0,
            19702,
            18431,
            7012
        ],
        [
            39033,
            22305,
            58264,
            50297,
            39145,
            24921,
            20617,
            0,
            17756,
            19179
        ],
        [
            29440,
            5804,
            39894,
            31927,
            20775,
            12036,
            18434,
            17699,
            0,
            13030
        ],
        [
            18145,
            18736,
            52388,
            44421,
            33269,
            24530,
            7007,
            19172,
            13052,
            0
        ],
        [
            0,
            11480,
            3052,
            44977,
            56739,
            65488,
            69360,
            84496,
            59898,
            53398
        ],
        [
            9982,
            0,
            7166,
            35148,
            46911,
            55660,
            59532,
            74668,
            69337,
            62836
        ],
        [
            3092,
            8606,
            0,
            42103,
            53865,
            62614,
            66486,
            81623,
            62447,
            55947
        ],
        [
            44997,
            36017,
            42181,
            0,
            11482,
            20230,
            24103,
            39239,
            69246,
            83333
        ],
        [
            56751,
            47770,
            53935,
            11481,
            0,
            8748,
            12621,
            27757,
            57764,
            71851
        ],
        [
            65486,
            56506,
            62670,
            20217,
            8735,
            0,
            4572,
            19708,
            59651,
            73738
        ],
        [
            69448,
            60468,
            66632,
            24178,
            12697,
            4539,
            0,
            15485,
            64189,
            78277
        ],
        [
            84569,
            75589,
            81754,
            39300,
            27819,
            19660,
            15481,
            0,
            59687,
            81856
        ],
        [
            60823,
            71773,
            63346,
            74330,
            62848,
            64704,
            69276,
            60793,
            0,
            22252
        ],
        [
            54217,
            65167,
            56740,
            82487,
            71006,
            72862,
            77433,
            81938,
            21356,
            0
        ],
        [
            0,
            8346,
            21888,
            94172,
            87246,
            93697,
            93920,
            98805,
            90388,
            85783
        ],
        [
            7852,
            0,
            13456,
            91718,
            84792,
            91242,
            91466,
            96350,
            87934,
            83329
        ],
        [
            22017,
            14260,
            0,
            101076,
            94150,
            100600,
            100824,
            105708,
            97292,
            92687
        ],
        [
            94515,
            92853,
            101560,
            0,
            3776,
            1277,
            2007,
            4681,
            5551,
            12771
        ],
        [
            96357,
            94696,
            103403,
            3767,
            0,
            5043,
            3499,
            7035,
            7393,
            9300
        ],
        [
            93895,
            92234,
            100941,
            1251,
            4677,
            0,
            1521,
            5932,
            4931,
            12591
        ],
        [
            94198,
            92537,
            101244,
            1963,
            3461,
            1488,
            0,
            6645,
            5234,
            11375
        ],
        [
            101605,
            99944,
            108651,
            4737,
            7071,
            6014,
            6744,
            0,
            13908,
            16066
        ],
        [
            91470,
            89808,
            98516,
            5435,
            7188,
            4960,
            5184,
            10562,
            0,
            15102
        ],
        [
            88177,
            86515,
            95223,
            12904,
            9372,
            12674,
            11300,
            16173,
            15194,
            0
        ],
        [
            0,
            43257,
            62958,
            57910,
            74504,
            67210,
            96106,
            56371,
            69882,
            69820
        ],
        [
            43208,
            0,
            27803,
            32970,
            41814,
            34554,
            63416,
            33584,
            76075,
            77177
        ],
        [
            61908,
            27227,
            0,
            24101,
            15015,
            6583,
            36617,
            20524,
            152855,
            152793
        ],
        [
            57882,
            32941,
            24078,
            0,
            37924,
            29492,
            59526,
            43434,
            175765,
            175703
        ],
        [
            74086,
            42535,
            14989,
            37849,
            0,
            8901,
            22255,
            32702,
            165033,
            164971
        ],
        [
            66326,
            33968,
            6503,
            29364,
            8908,
            0,
            31027,
            24942,
            157274,
            157211
        ],
        [
            95340,
            63789,
            36243,
            59103,
            22214,
            30980,
            0,
            53956,
            186287,
            186225
        ],
        [
            55748,
            33126,
            19865,
            42725,
            31411,
            24116,
            53013,
            0,
            146695,
            146633
        ],
        [
            70903,
            87377,
            154026,
            176887,
            165572,
            158278,
            187175,
            147439,
            0,
            2915
        ],
        [
            68438,
            138125,
            151562,
            174422,
            163108,
            155813,
            184710,
            144975,
            3189,
            0
        ],
        [
            0,
            64748,
            44803,
            42425,
            125271,
            100991,
            96864,
            130958,
            166220,
            166843
        ],
        [
            64218,
            0,
            36363,
            23250,
            63118,
            38838,
            34711,
            68805,
            145408,
            146031
        ],
        [
            44775,
            36342,
            0,
            59332,
            101158,
            76878,
            41634,
            106845,
            121871,
            122494
        ],
        [
            42486,
            24308,
            60349,
            0,
            84831,
            60551,
            56424,
            90518,
            167121,
            167744
        ],
        [
            127204,
            64863,
            102441,
            86236,
            0,
            44465,
            58408,
            7448,
            169105,
            169728
        ],
        [
            102405,
            40064,
            77642,
            61437,
            42389,
            0,
            33609,
            48076,
            144306,
            144929
        ],
        [
            96475,
            34134,
            41886,
            55508,
            57093,
            32813,
            0,
            62780,
            116872,
            117495
        ],
        [
            131979,
            69638,
            107216,
            91012,
            8546,
            49241,
            63183,
            0,
            173880,
            174503
        ],
        [
            166661,
            146060,
            122339,
            167433,
            169019,
            144739,
            117090,
            174706,
            0,
            1824
        ],
        [
            167174,
            146573,
            122852,
            167946,
            169532,
            145252,
            117603,
            175219,
            1832,
            0
        ],
        [
            0,
            7932,
            58845,
            62211,
            63982,
            50928,
            36208,
            36329,
            49090,
            51929
        ],
        [
            7853,
            0,
            62606,
            65973,
            67743,
            54690,
            28901,
            40090,
            52851,
            56141
        ],
        [
            59216,
            64280,
            0,
            6259,
            11198,
            12280,
            31066,
            23328,
            72802,
            77820
        ],
        [
            62695,
            67758,
            6251,
            0,
            14676,
            17670,
            36456,
            34751,
            76280,
            81299
        ],
        [
            63445,
            68508,
            11140,
            14506,
            0,
            25984,
            43821,
            35500,
            77030,
            82049
        ],
        [
            50383,
            55446,
            12250,
            17710,
            26666,
            0,
            19274,
            22438,
            63968,
            68986
        ],
        [
            36065,
            28837,
            31672,
            37132,
            44812,
            19910,
            0,
            28752,
            70428,
            75447
        ],
        [
            36947,
            42010,
            30366,
            33732,
            35503,
            22449,
            28785,
            0,
            40263,
            47969
        ],
        [
            48927,
            53990,
            71780,
            75146,
            76916,
            63863,
            70221,
            40265,
            0,
            14451
        ],
        [
            51986,
            57390,
            79484,
            82851,
            84621,
            71568,
            77926,
            47969,
            14451,
            0
        ],
        [
            0,
            21187,
            30297,
            15732,
            16118,
            11696
        ],
        [
            21093,
            0,
            50005,
            35440,
            31868,
            30259
        ],
        [
            29684,
            49571,
            0,
            15077,
            48512,
            43131
        ],
        [
            15515,
            35402,
            15019,
            0,
            39432,
            34052
        ],
        [
            16064,
            31870,
            49009,
            39487,
            0,
            5763
        ],
        [
            11963,
            30330,
            43631,
            34109,
            5673,
            0
        ]
    ],
    "timeMatrix": [
        [
            0,
            335,
            409,
            598,
            428,
            878,
            174,
            883,
            1739,
            969
        ],
        [
            334,
            0,
            544,
            376,
            496,
            648,
            173,
            653,
            1509,
            746
        ],
        [
            368,
            546,
            0,
            606,
            715,
            876,
            436,
            866,
            1701,
            929
        ],
        [
            695,
            393,
            620,
            0,
            710,
            368,
            534,
            359,
            1193,
            370
        ],
        [
            482,
            539,
            759,
            711,
            0,
            616,
            474,
            770,
            1408,
            1009
        ],
        [
            897,
            653,
            850,
            344,
            682,
            0,
            785,
            257,
            1053,
            642
        ],
        [
            161,
            208,
            442,
            484,
            401,
            751,
            0,
            756,
            1612,
            855
        ],
        [
            981,
            737,
            922,
            416,
            901,
            260,
            868,
            0,
            956,
            594
        ],
        [
            1773,
            1630,
            1710,
            1253,
            1523,
            1158,
            1720,
            1049,
            0,
            1190
        ],
        [
            929,
            802,
            916,
            409,
            1119,
            630,
            877,
            621,
            1149,
            0
        ],
        [
            0,
            532,
            1351,
            1152,
            1699,
            2062,
            3381,
            4407,
            1463,
            2467
        ],
        [
            500,
            0,
            1416,
            1378,
            1925,
            2288,
            3607,
            4633,
            1811,
            2815
        ],
        [
            1289,
            1499,
            0,
            1206,
            1754,
            2117,
            3436,
            4462,
            1822,
            2826
        ],
        [
            1220,
            1561,
            1193,
            0,
            946,
            1309,
            2628,
            3653,
            1050,
            2053
        ],
        [
            1728,
            2070,
            1781,
            909,
            0,
            794,
            2248,
            3233,
            1223,
            2226
        ],
        [
            2034,
            2376,
            2086,
            1215,
            768,
            0,
            2740,
            3173,
            1528,
            2532
        ],
        [
            3436,
            3778,
            3488,
            2617,
            2225,
            2776,
            0,
            1083,
            2900,
            3583
        ],
        [
            4452,
            4794,
            4505,
            3633,
            3265,
            3168,
            1076,
            0,
            3917,
            4600
        ],
        [
            1578,
            1825,
            1866,
            1040,
            1237,
            1600,
            2919,
            3945,
            0,
            1256
        ],
        [
            2580,
            2827,
            2768,
            1896,
            2094,
            2456,
            3559,
            4585,
            1234,
            0
        ],
        [
            0,
            3546,
            4272,
            4315,
            5616,
            5957,
            6582,
            5731,
            6104,
            6496
        ],
        [
            3514,
            0,
            844,
            886,
            4259,
            4600,
            5224,
            4374,
            4746,
            5138
        ],
        [
            4005,
            694,
            0,
            269,
            4391,
            4733,
            5357,
            4507,
            4879,
            5271
        ],
        [
            4164,
            853,
            277,
            0,
            4122,
            4463,
            5087,
            4237,
            4610,
            5001
        ],
        [
            5510,
            4217,
            4444,
            4167,
            0,
            636,
            1459,
            317,
            1099,
            1491
        ],
        [
            5799,
            4506,
            4733,
            4456,
            745,
            0,
            1817,
            800,
            1441,
            1833
        ],
        [
            6465,
            5172,
            5400,
            5122,
            1470,
            1792,
            0,
            1519,
            1183,
            1455
        ],
        [
            5603,
            4310,
            4538,
            4260,
            346,
            768,
            1509,
            0,
            968,
            1360
        ],
        [
            5936,
            4644,
            4871,
            4594,
            941,
            1389,
            1199,
            1056,
            0,
            456
        ],
        [
            6327,
            5035,
            5262,
            4985,
            1332,
            1780,
            1454,
            1447,
            447,
            0
        ],
        [
            0,
            1265,
            3003,
            2679,
            1933,
            1724,
            1435,
            2289,
            1520,
            1223
        ],
        [
            1244,
            0,
            1967,
            1643,
            896,
            553,
            1360,
            1519,
            446,
            1004
        ],
        [
            2989,
            1957,
            0,
            577,
            1067,
            2062,
            3210,
            3379,
            2306,
            2825
        ],
        [
            2658,
            1626,
            569,
            0,
            736,
            1731,
            2879,
            3048,
            1975,
            2494
        ],
        [
            1922,
            891,
            1071,
            746,
            0,
            996,
            2143,
            2312,
            1239,
            1758
        ],
        [
            1687,
            545,
            2047,
            1723,
            976,
            0,
            1572,
            1711,
            668,
            1187
        ],
        [
            1301,
            1286,
            3090,
            2766,
            2020,
            1455,
            0,
            1401,
            1104,
            539
        ],
        [
            2223,
            1517,
            3359,
            3035,
            2288,
            1679,
            1375,
            0,
            1222,
            1336
        ],
        [
            1486,
            473,
            2322,
            1998,
            1251,
            687,
            1165,
            1242,
            0,
            928
        ],
        [
            1142,
            1100,
            2905,
            2580,
            1834,
            1270,
            585,
            1369,
            941,
            0
        ],
        [
            0,
            834,
            221,
            2633,
            3201,
            3867,
            4224,
            5358,
            2920,
            3350
        ],
        [
            649,
            0,
            460,
            2053,
            2620,
            3287,
            3643,
            4778,
            3477,
            3907
        ],
        [
            224,
            634,
            0,
            2434,
            3001,
            3667,
            4024,
            5159,
            3053,
            3482
        ],
        [
            2638,
            2195,
            2450,
            0,
            679,
            1345,
            1702,
            2837,
            4784,
            5711
        ],
        [
            3193,
            2750,
            3005,
            681,
            0,
            664,
            1021,
            2156,
            4103,
            5030
        ],
        [
            3870,
            3427,
            3682,
            1358,
            676,
            0,
            451,
            1586,
            4259,
            5185
        ],
        [
            4232,
            3788,
            4043,
            1719,
            1037,
            439,
            0,
            1221,
            4698,
            5624
        ],
        [
            5367,
            4924,
            5179,
            2855,
            2173,
            1575,
            1264,
            0,
            4458,
            5578
        ],
        [
            3013,
            3760,
            3148,
            4744,
            4062,
            4216,
            4668,
            4572,
            0,
            1646
        ],
        [
            3380,
            4127,
            3515,
            5650,
            4969,
            5123,
            5574,
            5562,
            1511,
            0
        ],
        [
            0,
            720,
            1566,
            3833,
            3962,
            3774,
            3759,
            3872,
            3535,
            4093
        ],
        [
            682,
            0,
            1101,
            3653,
            3783,
            3594,
            3579,
            3692,
            3355,
            3913
        ],
        [
            1549,
            1117,
            0,
            4358,
            4488,
            4299,
            4284,
            4397,
            4060,
            4618
        ],
        [
            3752,
            3652,
            4319,
            0,
            417,
            197,
            280,
            461,
            551,
            1153
        ],
        [
            3862,
            3763,
            4430,
            420,
            0,
            617,
            423,
            664,
            661,
            792
        ],
        [
            3737,
            3638,
            4304,
            256,
            621,
            0,
            297,
            717,
            536,
            1249
        ],
        [
            3721,
            3622,
            4289,
            284,
            411,
            222,
            0,
            745,
            520,
            1039
        ],
        [
            3804,
            3705,
            4371,
            475,
            651,
            673,
            755,
            0,
            704,
            1388
        ],
        [
            3553,
            3453,
            4120,
            541,
            636,
            483,
            467,
            646,
            0,
            1264
        ],
        [
            4047,
            3948,
            4614,
            1179,
            795,
            1194,
            1024,
            1423,
            1262,
            0
        ],
        [
            0,
            3029,
            3811,
            5257,
            4441,
            4021,
            5443,
            3657,
            4739,
            4919
        ],
        [
            3029,
            0,
            2495,
            2925,
            3374,
            2869,
            4375,
            2795,
            6178,
            6273
        ],
        [
            3694,
            2441,
            0,
            1645,
            1000,
            477,
            2002,
            975,
            5576,
            5757
        ],
        [
            5315,
            2917,
            1641,
            0,
            2484,
            1960,
            3485,
            2459,
            7060,
            7240
        ],
        [
            4462,
            3507,
            1083,
            2543,
            0,
            887,
            1502,
            1743,
            6344,
            6524
        ],
        [
            3914,
            2804,
            459,
            1920,
            777,
            0,
            2167,
            1195,
            5797,
            5977
        ],
        [
            5380,
            4425,
            2001,
            3462,
            1497,
            2166,
            0,
            2661,
            7263,
            7443
        ],
        [
            3580,
            2734,
            960,
            2421,
            1590,
            1170,
            2592,
            0,
            5462,
            5642
        ],
        [
            4881,
            6435,
            5664,
            7125,
            6294,
            5874,
            7296,
            5510,
            0,
            304
        ],
        [
            4849,
            6417,
            5632,
            7093,
            6262,
            5842,
            7264,
            5478,
            432,
            0
        ],
        [
            0,
            3757,
            2975,
            2803,
            5851,
            5061,
            5013,
            6128,
            8464,
            8401
        ],
        [
            3655,
            0,
            2690,
            1032,
            2463,
            1673,
            1624,
            2739,
            5530,
            5468
        ],
        [
            2909,
            2681,
            0,
            3611,
            4604,
            3814,
            2871,
            4880,
            5553,
            5490
        ],
        [
            2752,
            1126,
            3702,
            0,
            3220,
            2430,
            2381,
            3496,
            6287,
            6225
        ],
        [
            5970,
            2637,
            4805,
            3348,
            0,
            1853,
            2394,
            616,
            6300,
            6237
        ],
        [
            5118,
            1785,
            3952,
            2496,
            1721,
            0,
            1542,
            1997,
            5448,
            5385
        ],
        [
            4936,
            1604,
            2930,
            2314,
            2244,
            1454,
            0,
            2521,
            4570,
            4507
        ],
        [
            6121,
            2788,
            4955,
            3498,
            673,
            2004,
            2544,
            0,
            6450,
            6388
        ],
        [
            8415,
            5551,
            5575,
            6262,
            6192,
            5402,
            4540,
            6469,
            0,
            299
        ],
        [
            8311,
            5447,
            5470,
            6157,
            6088,
            5297,
            4436,
            6364,
            286,
            0
        ],
        [
            0,
            629,
            2197,
            2381,
            2256,
            2214,
            2365,
            1556,
            2940,
            3220
        ],
        [
            600,
            0,
            2574,
            2758,
            2633,
            2591,
            1895,
            1933,
            3317,
            3735
        ],
        [
            2244,
            2618,
            0,
            478,
            630,
            967,
            2196,
            1431,
            3734,
            4196
        ],
        [
            2452,
            2826,
            489,
            0,
            839,
            1311,
            2541,
            1681,
            3943,
            4404
        ],
        [
            2254,
            2628,
            664,
            848,
            0,
            1349,
            2302,
            1483,
            3745,
            4206
        ],
        [
            2147,
            2521,
            954,
            1327,
            1338,
            0,
            1351,
            1376,
            3638,
            4099
        ],
        [
            2313,
            1869,
            2170,
            2544,
            2326,
            1379,
            0,
            2017,
            4306,
            4767
        ],
        [
            1578,
            1952,
            1379,
            1563,
            1437,
            1396,
            2047,
            0,
            2865,
            3289
        ],
        [
            2953,
            3327,
            3674,
            3859,
            3733,
            3692,
            4366,
            2876,
            0,
            882
        ],
        [
            3169,
            3706,
            4067,
            4251,
            4126,
            4084,
            4759,
            3269,
            874,
            0
        ],
        [
            0,
            1322,
            1577,
            1170,
            1259,
            904
        ],
        [
            1292,
            0,
            2635,
            2228,
            2181,
            1977
        ],
        [
            1575,
            2637,
            0,
            979,
            2456,
            2056
        ],
        [
            1170,
            2232,
            952,
            0,
            2054,
            1653
        ],
        [
            1229,
            2195,
            2480,
            2079,
            0,
            556
        ],
        [
            936,
            2039,
            2047,
            1646,
            510,
            0
        ]
    ]
}