{
    "cities": [
        {
            "index": 0,
            "cordX": 46.0506783,
            "cordY": 14.514648
        },
        {
            "index": 1,
            "cordX": 46.0569636,
            "cordY": 14.5066563
        },
        {
            "index": 2,
            "cordX": 46.0562923,
            "cordY": 14.5347293
        },
        {
            "index": 3,
            "cordX": 46.0801744,
            "cordY": 14.5123278
        },
        {
            "index": 4,
            "cordX": 46.0390497,
            "cordY": 14.4993901
        },
        {
            "index": 5,
            "cordX": 46.0786296,
            "cordY": 14.4724501
        },
        {
            "index": 6,
            "cordX": 46.0543498,
            "cordY": 14.5110575
        },
        {
            "index": 7,
            "cordX": 46.09041269999999,
            "cordY": 14.4725882
        },
        {
            "index": 8,
            "cordX": 46.2027052,
            "cordY": 14.5415397
        },
        {
            "index": 9,
            "cordX": 46.1024419,
            "cordY": 14.5296199
        },
        {
            "index": 10,
            "cordX": 46.1629406,
            "cordY": 14.5686204
        },
        {
            "index": 11,
            "cordX": 46.2071323,
            "cordY": 14.5972918
        },
        {
            "index": 12,
            "cordX": 46.1354712,
            "cordY": 14.7446678
        },
        {
            "index": 13,
            "cordX": 46.0560724,
            "cordY": 14.5843876
        },
        {
            "index": 14,
            "cordX": 45.9560878,
            "cordY": 14.6576872
        },
        {
            "index": 15,
            "cordX": 45.93833859999999,
            "cordY": 14.8058986
        },
        {
            "index": 16,
            "cordX": 45.7404003,
            "cordY": 14.727302
        },
        {
            "index": 17,
            "cordX": 45.6418719,
            "cordY": 14.8562269
        },
        {
            "index": 18,
            "cordX": 46.0204546,
            "cordY": 14.4156787
        },
        {
            "index": 19,
            "cordX": 45.919439,
            "cordY": 14.3657063
        },
        {
            "index": 20,
            "cordX": 45.96343359999999,
            "cordY": 14.2954955
        },
        {
            "index": 21,
            "cordX": 46.1306621,
            "cordY": 14.9963062
        },
        {
            "index": 22,
            "cordX": 46.1482095,
            "cordY": 15.0416941
        },
        {
            "index": 23,
            "cordX": 46.1604049,
            "cordY": 15.0536808
        },
        {
            "index": 24,
            "cordX": 46.5484661,
            "cordY": 15.6744646
        },
        {
            "index": 25,
            "cordX": 46.5514119,
            "cordY": 15.621176
        },
        {
            "index": 26,
            "cordX": 46.6968501,
            "cordY": 15.7354444
        },
        {
            "index": 27,
            "cordX": 46.55560939999999,
            "cordY": 15.6934869
        },
        {
            "index": 28,
            "cordX": 46.5772865,
            "cordY": 15.8305269
        },
        {
            "index": 29,
            "cordX": 46.60704080000001,
            "cordY": 15.8914427
        },
        {
            "index": 30,
            "cordX": 46.50055039999999,
            "cordY": 15.7495304
        },
        {
            "index": 31,
            "cordX": 46.4165813,
            "cordY": 15.8598698
        },
        {
            "index": 32,
            "cordX": 46.4623571,
            "cordY": 16.157248
        },
        {
            "index": 33,
            "cordX": 46.4080192,
            "cordY": 16.1487605
        },
        {
            "index": 34,
            "cordX": 46.4120271,
            "cordY": 16.0133089
        },
        {
            "index": 35,
            "cordX": 46.3691795,
            "cordY": 15.9023436
        },
        {
            "index": 36,
            "cordX": 46.4263267,
            "cordY": 15.611214
        },
        {
            "index": 37,
            "cordX": 46.3173644,
            "cordY": 15.6670441
        },
        {
            "index": 38,
            "cordX": 46.4034454,
            "cordY": 15.7970282
        },
        {
            "index": 39,
            "cordX": 46.4536713,
            "cordY": 15.6745675
        },
        {
            "index": 40,
            "cordX": 46.5725265,
            "cordY": 15.6119647
        },
        {
            "index": 41,
            "cordX": 46.55150080000001,
            "cordY": 15.4928736
        },
        {
            "index": 42,
            "cordX": 46.5671284,
            "cordY": 15.5783612
        },
        {
            "index": 43,
            "cordX": 46.61003729999999,
            "cordY": 15.1633923
        },
        {
            "index": 44,
            "cordX": 46.58922159999999,
            "cordY": 15.0246608
        },
        {
            "index": 45,
            "cordX": 46.5446849,
            "cordY": 14.9662266
        },
        {
            "index": 46,
            "cordX": 46.5451337,
            "cordY": 14.9144717
        },
        {
            "index": 47,
            "cordX": 46.4703983,
            "cordY": 14.8498787
        },
        {
            "index": 48,
            "cordX": 46.22938380000001,
            "cordY": 15.2673827
        },
        {
            "index": 49,
            "cordX": 46.2286544,
            "cordY": 15.5184635
        },
        {
            "index": 50,
            "cordX": 46.2526713,
            "cordY": 15.1599198
        },
        {
            "index": 51,
            "cordX": 46.2807697,
            "cordY": 15.0760069
        },
        {
            "index": 52,
            "cordX": 46.3388265,
            "cordY": 14.960194
        },
        {
            "index": 53,
            "cordX": 46.2485046,
            "cordY": 14.3567391
        },
        {
            "index": 54,
            "cordX": 46.23103080000001,
            "cordY": 14.3462993
        },
        {
            "index": 55,
            "cordX": 46.2472905,
            "cordY": 14.3689151
        },
        {
            "index": 56,
            "cordX": 46.2377962,
            "cordY": 14.3655885
        },
        {
            "index": 57,
            "cordX": 46.27294450000001,
            "cordY": 14.3157321
        },
        {
            "index": 58,
            "cordX": 46.2423616,
            "cordY": 14.4191188
        },
        {
            "index": 59,
            "cordX": 46.166843,
            "cordY": 14.3058782
        },
        {
            "index": 60,
            "cordX": 46.0477691,
            "cordY": 14.1099613
        },
        {
            "index": 61,
            "cordX": 46.225745,
            "cordY": 14.1688037
        },
        {
            "index": 62,
            "cordX": 46.361284,
            "cordY": 14.158083
        },
        {
            "index": 63,
            "cordX": 46.2723358,
            "cordY": 13.9528349
        },
        {
            "index": 64,
            "cordX": 46.4395815,
            "cordY": 14.0431735
        },
        {
            "index": 65,
            "cordX": 46.4044239,
            "cordY": 14.1375549
        },
        {
            "index": 66,
            "cordX": 46.4849723,
            "cordY": 13.7820449
        },
        {
            "index": 67,
            "cordX": 46.3616251,
            "cordY": 14.3071259
        },
        {
            "index": 68,
            "cordX": 45.9555113,
            "cordY": 13.6481122
        },
        {
            "index": 69,
            "cordX": 45.9540361,
            "cordY": 13.6734952
        },
        {
            "index": 70,
            "cordX": 46.1830168,
            "cordY": 13.7335635
        },
        {
            "index": 71,
            "cordX": 45.88731749999999,
            "cordY": 13.9031099
        },
        {
            "index": 72,
            "cordX": 46.0013411,
            "cordY": 14.0261225
        },
        {
            "index": 73,
            "cordX": 45.9283559,
            "cordY": 13.6405447
        },
        {
            "index": 74,
            "cordX": 45.5402396,
            "cordY": 13.7390539
        },
        {
            "index": 75,
            "cordX": 45.7075184,
            "cordY": 13.868562
        },
        {
            "index": 76,
            "cordX": 45.7742705,
            "cordY": 14.2138533
        },
        {
            "index": 77,
            "cordX": 45.5368801,
            "cordY": 13.6605407
        },
        {
            "index": 78,
            "cordX": 45.7986362,
            "cordY": 15.1552946
        },
        {
            "index": 79,
            "cordX": 45.8048435,
            "cordY": 15.1643364
        },
        {
            "index": 80,
            "cordX": 45.90752029999999,
            "cordY": 15.0072844
        },
        {
            "index": 81,
            "cordX": 45.9525271,
            "cordY": 15.0599681
        },
        {
            "index": 82,
            "cordX": 45.9048981,
            "cordY": 15.5935286
        },
        {
            "index": 83,
            "cordX": 45.8950489,
            "cordY": 15.6600698
        },
        {
            "index": 84,
            "cordX": 45.8599617,
            "cordY": 15.6879755
        },
        {
            "index": 85,
            "cordX": 45.9579966,
            "cordY": 15.4944917
        },
        {
            "index": 86,
            "cordX": 46.0097701,
            "cordY": 15.3029322
        },
        {
            "index": 87,
            "cordX": 45.8439372,
            "cordY": 15.3388595
        },
        {
            "index": 88,
            "cordX": 45.644935,
            "cordY": 15.3167912
        },
        {
            "index": 89,
            "cordX": 45.5747784,
            "cordY": 15.1905069
        },
        {
            "index": 90,
            "cordX": 46.66082610000001,
            "cordY": 16.1637829
        },
        {
            "index": 91,
            "cordX": 46.8030552,
            "cordY": 16.2177301
        },
        {
            "index": 92,
            "cordX": 46.5618657,
            "cordY": 16.4549268
        },
        {
            "index": 93,
            "cordX": 46.5690299,
            "cordY": 16.2938688
        },
        {
            "index": 94,
            "cordX": 46.675168,
            "cordY": 15.9941974
        },
        {
            "index": 95,
            "cordX": 46.642603,
            "cordY": 16.0392936
        }
    ]
}